﻿<?xml version="1.0" encoding="utf-8"?>
<CheckingStatuses>
  <CheckingStatus>
    <BookName>MAT</BookName>
    <Check>ChapterVerse</Check>
    <MD5>3A2E7D0BC6E7DEEB8C87CEA8C2AD8CFF</MD5>
    <Date>2016-04-01T02:22:14.8229488+05:30</Date>
    <Errors>0</Errors>
    <DeniedErrors>0</DeniedErrors>
  </CheckingStatus>
  <CheckingStatus>
    <BookName>MAT</BookName>
    <Check>Marker</Check>
    <MD5>3A2E7D0BC6E7DEEB8C87CEA8C2AD8CFF</MD5>
    <Date>2016-04-01T02:22:14.8369588+05:30</Date>
    <Errors>0</Errors>
    <DeniedErrors>0</DeniedErrors>
  </CheckingStatus>
  <CheckingStatus>
    <BookName>MRK</BookName>
    <Check>ChapterVerse</Check>
    <MD5>7F43B2E96EBE012066D8E3FFAB76AFE2</MD5>
    <Date>2016-04-01T02:22:14.8519695+05:30</Date>
    <Errors>0</Errors>
    <DeniedErrors>0</DeniedErrors>
  </CheckingStatus>
  <CheckingStatus>
    <BookName>MRK</BookName>
    <Check>Marker</Check>
    <MD5>7F43B2E96EBE012066D8E3FFAB76AFE2</MD5>
    <Date>2016-04-01T02:22:14.8579737+05:30</Date>
    <Errors>0</Errors>
    <DeniedErrors>0</DeniedErrors>
  </CheckingStatus>
  <CheckingStatus>
    <BookName>LUK</BookName>
    <Check>ChapterVerse</Check>
    <MD5>508EADC30EB74B30F81EDF9AE34B3692</MD5>
    <Date>2016-04-01T02:22:14.8829915+05:30</Date>
    <Errors>0</Errors>
    <DeniedErrors>0</DeniedErrors>
  </CheckingStatus>
  <CheckingStatus>
    <BookName>LUK</BookName>
    <Check>Marker</Check>
    <MD5>508EADC30EB74B30F81EDF9AE34B3692</MD5>
    <Date>2016-04-01T02:22:14.8935029+05:30</Date>
    <Errors>0</Errors>
    <DeniedErrors>0</DeniedErrors>
  </CheckingStatus>
  <CheckingStatus>
    <BookName>JHN</BookName>
    <Check>ChapterVerse</Check>
    <MD5>C19309865537E3CAAFF783A62850B900</MD5>
    <Date>2016-04-01T02:22:14.9189369+05:30</Date>
    <Errors>0</Errors>
    <DeniedErrors>0</DeniedErrors>
  </CheckingStatus>
  <CheckingStatus>
    <BookName>JHN</BookName>
    <Check>Marker</Check>
    <MD5>C19309865537E3CAAFF783A62850B900</MD5>
    <Date>2016-04-01T02:22:14.936952+05:30</Date>
    <Errors>0</Errors>
    <DeniedErrors>0</DeniedErrors>
  </CheckingStatus>
  <CheckingStatus>
    <BookName>ACT</BookName>
    <Check>ChapterVerse</Check>
    <MD5>C66ADC4836350616A3E48BFA1BF01377</MD5>
    <Date>2016-04-01T02:22:14.9879687+05:30</Date>
    <Errors>0</Errors>
    <DeniedErrors>0</DeniedErrors>
  </CheckingStatus>
  <CheckingStatus>
    <BookName>ACT</BookName>
    <Check>Marker</Check>
    <MD5>C66ADC4836350616A3E48BFA1BF01377</MD5>
    <Date>2016-04-01T02:22:14.9965165+05:30</Date>
    <Errors>0</Errors>
    <DeniedErrors>0</DeniedErrors>
  </CheckingStatus>
  <CheckingStatus>
    <BookName>ROM</BookName>
    <Check>ChapterVerse</Check>
    <MD5>4EB95BC26EFD97AABEDB1F94853ACAC3</MD5>
    <Date>2016-04-01T02:22:15.0070232+05:30</Date>
    <Errors>0</Errors>
    <DeniedErrors>0</DeniedErrors>
  </CheckingStatus>
  <CheckingStatus>
    <BookName>ROM</BookName>
    <Check>Marker</Check>
    <MD5>4EB95BC26EFD97AABEDB1F94853ACAC3</MD5>
    <Date>2016-04-01T02:22:15.0100319+05:30</Date>
    <Errors>0</Errors>
    <DeniedErrors>0</DeniedErrors>
  </CheckingStatus>
  <CheckingStatus>
    <BookName>1CO</BookName>
    <Check>ChapterVerse</Check>
    <MD5>A79ECCF82897D4C5C52A744ACEB95533</MD5>
    <Date>2016-04-01T02:22:15.0250407+05:30</Date>
    <Errors>0</Errors>
    <DeniedErrors>0</DeniedErrors>
  </CheckingStatus>
  <CheckingStatus>
    <BookName>1CO</BookName>
    <Check>Marker</Check>
    <MD5>A79ECCF82897D4C5C52A744ACEB95533</MD5>
    <Date>2016-04-01T02:22:15.0280437+05:30</Date>
    <Errors>0</Errors>
    <DeniedErrors>0</DeniedErrors>
  </CheckingStatus>
  <CheckingStatus>
    <BookName>2CO</BookName>
    <Check>ChapterVerse</Check>
    <MD5>0D79636305BA77A5DF45BFCC2167307D</MD5>
    <Date>2016-04-01T02:22:15.036049+05:30</Date>
    <Errors>1</Errors>
    <DeniedErrors>0</DeniedErrors>
  </CheckingStatus>
  <CheckingStatus>
    <BookName>2CO</BookName>
    <Check>Marker</Check>
    <MD5>0D79636305BA77A5DF45BFCC2167307D</MD5>
    <Date>2016-04-01T02:22:15.0380308+05:30</Date>
    <Errors>0</Errors>
    <DeniedErrors>-1</DeniedErrors>
  </CheckingStatus>
  <CheckingStatus>
    <BookName>GAL</BookName>
    <Check>ChapterVerse</Check>
    <MD5>4B4FA31767D3C754022DBF21E3AF5E69</MD5>
    <Date>2016-04-01T02:22:15.0410521+05:30</Date>
    <Errors>1</Errors>
    <DeniedErrors>0</DeniedErrors>
  </CheckingStatus>
  <CheckingStatus>
    <BookName>GAL</BookName>
    <Check>Marker</Check>
    <MD5>4B4FA31767D3C754022DBF21E3AF5E69</MD5>
    <Date>2016-04-01T02:22:15.0420537+05:30</Date>
    <Errors>0</Errors>
    <DeniedErrors>-1</DeniedErrors>
  </CheckingStatus>
  <CheckingStatus>
    <BookName>EPH</BookName>
    <Check>ChapterVerse</Check>
    <MD5>8AD8C926E459724E4BD2198DAAA58299</MD5>
    <Date>2016-04-01T02:22:15.0460556+05:30</Date>
    <Errors>1</Errors>
    <DeniedErrors>0</DeniedErrors>
  </CheckingStatus>
  <CheckingStatus>
    <BookName>EPH</BookName>
    <Check>Marker</Check>
    <MD5>8AD8C926E459724E4BD2198DAAA58299</MD5>
    <Date>2016-04-01T02:22:15.048057+05:30</Date>
    <Errors>0</Errors>
    <DeniedErrors>-1</DeniedErrors>
  </CheckingStatus>
  <CheckingStatus>
    <BookName>PHP</BookName>
    <Check>ChapterVerse</Check>
    <MD5>0DA5BECC5CD729AEA5C2C932CCA974AA</MD5>
    <Date>2016-04-01T02:22:15.0520599+05:30</Date>
    <Errors>1</Errors>
    <DeniedErrors>0</DeniedErrors>
  </CheckingStatus>
  <CheckingStatus>
    <BookName>PHP</BookName>
    <Check>Marker</Check>
    <MD5>0DA5BECC5CD729AEA5C2C932CCA974AA</MD5>
    <Date>2016-04-01T02:22:15.0530606+05:30</Date>
    <Errors>0</Errors>
    <DeniedErrors>-1</DeniedErrors>
  </CheckingStatus>
  <CheckingStatus>
    <BookName>COL</BookName>
    <Check>ChapterVerse</Check>
    <MD5>A6C4FA89F3EB0BC46E7B403A3F0C7CAA</MD5>
    <Date>2016-04-01T02:22:15.0550625+05:30</Date>
    <Errors>1</Errors>
    <DeniedErrors>0</DeniedErrors>
  </CheckingStatus>
  <CheckingStatus>
    <BookName>COL</BookName>
    <Check>Marker</Check>
    <MD5>A6C4FA89F3EB0BC46E7B403A3F0C7CAA</MD5>
    <Date>2016-04-01T02:22:15.0570634+05:30</Date>
    <Errors>0</Errors>
    <DeniedErrors>-1</DeniedErrors>
  </CheckingStatus>
  <CheckingStatus>
    <BookName>1TH</BookName>
    <Check>ChapterVerse</Check>
    <MD5>BE5BA75E7598DADE7649BBAF88C94DC2</MD5>
    <Date>2016-04-01T02:22:15.0600656+05:30</Date>
    <Errors>1</Errors>
    <DeniedErrors>0</DeniedErrors>
  </CheckingStatus>
  <CheckingStatus>
    <BookName>1TH</BookName>
    <Check>Marker</Check>
    <MD5>BE5BA75E7598DADE7649BBAF88C94DC2</MD5>
    <Date>2016-04-01T02:22:15.0610658+05:30</Date>
    <Errors>0</Errors>
    <DeniedErrors>-1</DeniedErrors>
  </CheckingStatus>
  <CheckingStatus>
    <BookName>2TH</BookName>
    <Check>ChapterVerse</Check>
    <MD5>1539FCF2B958EDDF24C18D89474645F5</MD5>
    <Date>2016-04-01T02:22:15.062067+05:30</Date>
    <Errors>1</Errors>
    <DeniedErrors>0</DeniedErrors>
  </CheckingStatus>
  <CheckingStatus>
    <BookName>2TH</BookName>
    <Check>Marker</Check>
    <MD5>1539FCF2B958EDDF24C18D89474645F5</MD5>
    <Date>2016-04-01T02:22:15.0630682+05:30</Date>
    <Errors>0</Errors>
    <DeniedErrors>-1</DeniedErrors>
  </CheckingStatus>
  <CheckingStatus>
    <BookName>1TI</BookName>
    <Check>ChapterVerse</Check>
    <MD5>A24F464866F957030C1FC49EAF7391AF</MD5>
    <Date>2016-04-01T02:22:15.0660722+05:30</Date>
    <Errors>1</Errors>
    <DeniedErrors>0</DeniedErrors>
  </CheckingStatus>
  <CheckingStatus>
    <BookName>1TI</BookName>
    <Check>Marker</Check>
    <MD5>A24F464866F957030C1FC49EAF7391AF</MD5>
    <Date>2016-04-01T02:22:15.0670738+05:30</Date>
    <Errors>0</Errors>
    <DeniedErrors>-1</DeniedErrors>
  </CheckingStatus>
  <CheckingStatus>
    <BookName>2TI</BookName>
    <Check>ChapterVerse</Check>
    <MD5>C95C9F6C737BE8233E7F4D00C0C5879E</MD5>
    <Date>2016-04-01T02:22:15.0760769+05:30</Date>
    <Errors>1</Errors>
    <DeniedErrors>0</DeniedErrors>
  </CheckingStatus>
  <CheckingStatus>
    <BookName>2TI</BookName>
    <Check>Marker</Check>
    <MD5>C95C9F6C737BE8233E7F4D00C0C5879E</MD5>
    <Date>2016-04-01T02:22:15.0770595+05:30</Date>
    <Errors>0</Errors>
    <DeniedErrors>-1</DeniedErrors>
  </CheckingStatus>
  <CheckingStatus>
    <BookName>TIT</BookName>
    <Check>ChapterVerse</Check>
    <MD5>3125203D09917AFE3318E440F71BC581</MD5>
    <Date>2016-04-01T02:22:15.07908+05:30</Date>
    <Errors>1</Errors>
    <DeniedErrors>0</DeniedErrors>
  </CheckingStatus>
  <CheckingStatus>
    <BookName>TIT</BookName>
    <Check>Marker</Check>
    <MD5>3125203D09917AFE3318E440F71BC581</MD5>
    <Date>2016-04-01T02:22:15.07908+05:30</Date>
    <Errors>0</Errors>
    <DeniedErrors>-1</DeniedErrors>
  </CheckingStatus>
  <CheckingStatus>
    <BookName>PHM</BookName>
    <Check>ChapterVerse</Check>
    <MD5>9DFA80F546F5EF41DD61A938C89FA7E1</MD5>
    <Date>2016-04-01T02:22:15.0810814+05:30</Date>
    <Errors>1</Errors>
    <DeniedErrors>0</DeniedErrors>
  </CheckingStatus>
  <CheckingStatus>
    <BookName>PHM</BookName>
    <Check>Marker</Check>
    <MD5>9DFA80F546F5EF41DD61A938C89FA7E1</MD5>
    <Date>2016-04-01T02:22:15.0810814+05:30</Date>
    <Errors>0</Errors>
    <DeniedErrors>-1</DeniedErrors>
  </CheckingStatus>
  <CheckingStatus>
    <BookName>HEB</BookName>
    <Check>ChapterVerse</Check>
    <MD5>ECB226D67F70848492D144AFACD65A9B</MD5>
    <Date>2016-04-01T02:22:15.0880855+05:30</Date>
    <Errors>1</Errors>
    <DeniedErrors>0</DeniedErrors>
  </CheckingStatus>
  <CheckingStatus>
    <BookName>HEB</BookName>
    <Check>Marker</Check>
    <MD5>ECB226D67F70848492D144AFACD65A9B</MD5>
    <Date>2016-04-01T02:22:15.0925707+05:30</Date>
    <Errors>0</Errors>
    <DeniedErrors>-1</DeniedErrors>
  </CheckingStatus>
  <CheckingStatus>
    <BookName>JAS</BookName>
    <Check>ChapterVerse</Check>
    <MD5>900C33BF5C0B2BAF7A5E86E21B25CFEB</MD5>
    <Date>2016-04-01T02:22:15.0955733+05:30</Date>
    <Errors>1</Errors>
    <DeniedErrors>0</DeniedErrors>
  </CheckingStatus>
  <CheckingStatus>
    <BookName>JAS</BookName>
    <Check>Marker</Check>
    <MD5>900C33BF5C0B2BAF7A5E86E21B25CFEB</MD5>
    <Date>2016-04-01T02:22:15.0960739+05:30</Date>
    <Errors>0</Errors>
    <DeniedErrors>-1</DeniedErrors>
  </CheckingStatus>
  <CheckingStatus>
    <BookName>1PE</BookName>
    <Check>ChapterVerse</Check>
    <MD5>0338480C45886BF094B5C94F24D97B20</MD5>
    <Date>2016-04-01T02:22:15.0995762+05:30</Date>
    <Errors>1</Errors>
    <DeniedErrors>0</DeniedErrors>
  </CheckingStatus>
  <CheckingStatus>
    <BookName>1PE</BookName>
    <Check>Marker</Check>
    <MD5>0338480C45886BF094B5C94F24D97B20</MD5>
    <Date>2016-04-01T02:22:15.1005773+05:30</Date>
    <Errors>0</Errors>
    <DeniedErrors>-1</DeniedErrors>
  </CheckingStatus>
  <CheckingStatus>
    <BookName>2PE</BookName>
    <Check>ChapterVerse</Check>
    <MD5>F77F2AF71D868B0E610D20BB49C0E436</MD5>
    <Date>2016-04-01T02:22:15.1025783+05:30</Date>
    <Errors>1</Errors>
    <DeniedErrors>0</DeniedErrors>
  </CheckingStatus>
  <CheckingStatus>
    <BookName>2PE</BookName>
    <Check>Marker</Check>
    <MD5>F77F2AF71D868B0E610D20BB49C0E436</MD5>
    <Date>2016-04-01T02:22:15.103579+05:30</Date>
    <Errors>0</Errors>
    <DeniedErrors>-1</DeniedErrors>
  </CheckingStatus>
  <CheckingStatus>
    <BookName>1JN</BookName>
    <Check>ChapterVerse</Check>
    <MD5>C34F385EAECDE48D800FF0FDEB81E257</MD5>
    <Date>2016-04-01T02:22:15.1075818+05:30</Date>
    <Errors>1</Errors>
    <DeniedErrors>0</DeniedErrors>
  </CheckingStatus>
  <CheckingStatus>
    <BookName>1JN</BookName>
    <Check>Marker</Check>
    <MD5>C34F385EAECDE48D800FF0FDEB81E257</MD5>
    <Date>2016-04-01T02:22:15.1100885+05:30</Date>
    <Errors>0</Errors>
    <DeniedErrors>-1</DeniedErrors>
  </CheckingStatus>
  <CheckingStatus>
    <BookName>2JN</BookName>
    <Check>ChapterVerse</Check>
    <MD5>C3B17FEEB2ABC2DDECF1682C581BFE81</MD5>
    <Date>2016-04-01T02:22:15.1110892+05:30</Date>
    <Errors>1</Errors>
    <DeniedErrors>0</DeniedErrors>
  </CheckingStatus>
  <CheckingStatus>
    <BookName>2JN</BookName>
    <Check>Marker</Check>
    <MD5>C3B17FEEB2ABC2DDECF1682C581BFE81</MD5>
    <Date>2016-04-01T02:22:15.1110892+05:30</Date>
    <Errors>0</Errors>
    <DeniedErrors>-1</DeniedErrors>
  </CheckingStatus>
  <CheckingStatus>
    <BookName>3JN</BookName>
    <Check>ChapterVerse</Check>
    <MD5>F6DD6ED096BF9ADCAC5AE4BE5BBF2723</MD5>
    <Date>2016-04-01T02:22:15.1120904+05:30</Date>
    <Errors>1</Errors>
    <DeniedErrors>0</DeniedErrors>
  </CheckingStatus>
  <CheckingStatus>
    <BookName>3JN</BookName>
    <Check>Marker</Check>
    <MD5>F6DD6ED096BF9ADCAC5AE4BE5BBF2723</MD5>
    <Date>2016-04-01T02:22:15.1130911+05:30</Date>
    <Errors>0</Errors>
    <DeniedErrors>-1</DeniedErrors>
  </CheckingStatus>
  <CheckingStatus>
    <BookName>JUD</BookName>
    <Check>ChapterVerse</Check>
    <MD5>0A2979F43D58C076DA80FFC1BC698A9D</MD5>
    <Date>2016-04-01T02:22:15.1140918+05:30</Date>
    <Errors>1</Errors>
    <DeniedErrors>0</DeniedErrors>
  </CheckingStatus>
  <CheckingStatus>
    <BookName>JUD</BookName>
    <Check>Marker</Check>
    <MD5>0A2979F43D58C076DA80FFC1BC698A9D</MD5>
    <Date>2016-04-01T02:22:15.1150925+05:30</Date>
    <Errors>0</Errors>
    <DeniedErrors>-1</DeniedErrors>
  </CheckingStatus>
  <CheckingStatus>
    <BookName>REV</BookName>
    <Check>ChapterVerse</Check>
    <MD5>66FA2909CC5A5EDBAF2E0AB977E2FF23</MD5>
    <Date>2016-04-01T02:22:15.1261008+05:30</Date>
    <Errors>1</Errors>
    <DeniedErrors>0</DeniedErrors>
  </CheckingStatus>
  <CheckingStatus>
    <BookName>REV</BookName>
    <Check>Marker</Check>
    <MD5>66FA2909CC5A5EDBAF2E0AB977E2FF23</MD5>
    <Date>2016-04-01T02:22:15.136107+05:30</Date>
    <Errors>0</Errors>
    <DeniedErrors>-1</DeniedErrors>
  </CheckingStatus>
</CheckingStatuses>